666,RoughSketch,20,4151,http://www.mediafire.com/convkey/ddf3/x0lfkzm5hpze0bdzg.jpg,5
ΣgØ,かぼちゃ,20,3079,http://www.mediafire.com/convkey/cbc6/mvcyjmpeucyxl7wzg.jpg,5
"* Erm, could it be a Spatiotemporal ShockWAVE Syndrome...?",かめりあ,20,2313,http://www.mediafire.com/convkey/ea00/p3wznc2v0pt07z3zg.jpg,5
VVelcome!!,MisoilePunch♪,20,2264,http://www.mediafire.com/convkey/f3b4/cqxsu224atb1jwjzg.jpg,5
ΣmbryØ,かぼちゃ,20,2883,http://www.mediafire.com/convkey/93ae/as2zwr8ggjlaf7jzg.jpg,4
*Feels Seasickness...*,かめりあ,20,2827,http://www.mediafire.com/convkey/d66d/m5dghjnu4ti67zlzg.jpg,4
FIN4LE ～終止線の彼方へ～,カモメサノエレクトリックオーケストラ,20,2082,http://www.mediafire.com/convkey/1f9a/mto1zg40rpbgjc4zg.jpg,4
HE4VEN ～天国へようこそ～,カモメサノエレクトリックオーケストラ,20,2060,http://www.mediafire.com/convkey/b825/7us7qe347qvnb9ezg.jpg,4
I,黒魔,20,3444,http://www.mediafire.com/convkey/e9f5/52b9dridmxvmop5zg.jpg,4
iLLness LiLin,かねこちはる,20,2095,http://www.mediafire.com/convkey/eee2/sgsd5ja01ipmb0nzg.jpg,4
WHITEOUT,かねこちはる,20,2709,http://www.mediafire.com/convkey/3573/6cemqpexum5088nzg.jpg,4
Xronièr,かめりあ as ”fluX Xroise”,20,2544,http://www.mediafire.com/convkey/7a10/uyv0kgpstol02b8zg.jpg,4
Lachryma《Re:Queen'M》,かねこちはる,20,2863,http://www.mediafire.com/convkey/f365/0733xggy9y7fpx9zg.jpg,3